{"IcoMoonType":"selection","icons":[{"icon":{"paths":["M576 706.612v-52.78c70.498-39.728 128-138.772 128-237.832 0-159.058 0-288-192-288s-192 128.942-192 288c0 99.060 57.502 198.104 128 237.832v52.78c-217.102 17.748-384 124.42-384 253.388h896c0-128.968-166.898-235.64-384-253.388z"],"tags":["user","profile","avatar","person","member"],"defaultCode":59761,"grid":16,"attrs":[]},"attrs":[],"properties":{"ligatures":"user, profile2","name":"user","order":4,"id":114,"prevSize":32,"code":59761},"setIdx":0,"setId":1,"iconIdx":113},{"icon":{"paths":["M704 0c-176.73 0-320 143.268-320 320 0 20.026 1.858 39.616 5.376 58.624l-389.376 389.376v192c0 35.346 28.654 64 64 64h64v-64h128v-128h128v-128h128l83.042-83.042c34.010 12.316 70.696 19.042 108.958 19.042 176.73 0 320-143.268 320-320s-143.27-320-320-320zM799.874 320.126c-53.020 0-96-42.98-96-96s42.98-96 96-96 96 42.98 96 96-42.98 96-96 96z"],"tags":["key","password","login","signin"],"defaultCode":59789,"grid":16,"attrs":[]},"attrs":[],"properties":{"ligatures":"key, password","name":"key","order":5,"id":142,"prevSize":32,"code":59789},"setIdx":0,"setId":1,"iconIdx":141}],"height":1024,"metadata":{"name":"icomoon"},"preferences":{"showGlyphs":true,"showQuickUse":true,"showQuickUse2":true,"showSVGs":true,"fontPref":{"prefix":"icon-","metadata":{"fontFamily":"icomoon"},"metrics":{"emSize":1024,"baseline":6.25,"whitespace":50},"embed":false},"imagePref":{"prefix":"icon-","png":true,"useClassSelector":true,"color":0,"bgColor":16777215,"classSelector":".icon"},"historySize":50,"showCodes":true,"gridSize":16}}