value,timestamp
" 0.500",2018-03-06T00:37:29.000Z
" 1.000",2018-03-06T00:37:33.000Z
" 1.000",2018-03-06T00:37:37.000Z
" 1.000",2018-03-06T00:37:40.000Z
" 1.000",2018-03-06T00:37:44.000Z
" 1.000",2018-03-06T00:37:48.000Z
" 0.500",2018-03-06T00:37:51.000Z
" 0.500",2018-03-06T00:37:55.000Z
" 0.500",2018-03-06T00:37:59.000Z
" 1.000",2018-03-06T00:38:02.000Z
" 0.500",2018-03-06T00:38:06.000Z
" 0.500",2018-03-06T00:38:10.000Z
" 0.500",2018-03-06T00:38:13.000Z
" 1.000",2018-03-06T00:38:17.000Z
" 0.500",2018-03-06T00:38:21.000Z
" 0.500",2018-03-06T00:38:24.000Z
" 1.000",2018-03-06T00:38:28.000Z
" 0.500",2018-03-06T00:38:32.000Z
" 0.500",2018-03-06T00:38:35.000Z
" 0.500",2018-03-06T00:38:43.000Z
" 0.500",2018-03-06T00:38:46.000Z
" 1.000",2018-03-06T00:38:50.000Z
" 0.500",2018-03-06T00:38:54.000Z
" 0.500",2018-03-06T00:38:57.000Z
" 1.000",2018-03-06T00:39:01.000Z
" 0.500",2018-03-06T00:39:08.000Z
" 1.000",2018-03-06T00:39:16.000Z
" 1.000",2018-03-06T00:39:23.000Z
" 0.500",2018-03-06T00:39:27.000Z
" 0.500",2018-03-06T00:39:34.000Z
" 0.500",2018-03-06T00:39:38.000Z
" 0.500",2018-03-06T00:39:41.000Z
" 0.500",2018-03-06T00:39:45.000Z
" 1.000",2018-03-06T00:39:49.000Z
" 1.000",2018-03-06T00:39:52.000Z
" 0.500",2018-03-06T00:39:56.000Z
" 0.500",2018-03-06T00:40:00.000Z
" 0.500",2018-03-06T00:40:07.000Z
" 0.500",2018-03-06T00:40:11.000Z
" 1.000",2018-03-06T00:40:14.000Z
" 0.500",2018-03-06T00:40:18.000Z
" 1.000",2018-03-06T00:40:22.000Z
" 0.500",2018-03-06T00:40:25.000Z
" 1.000",2018-03-06T00:40:29.000Z
" 0.500",2018-03-06T00:40:33.000Z
" 1.000",2018-03-06T00:40:36.000Z
" 0.500",2018-03-06T00:40:40.000Z
" 0.500",2018-03-06T00:40:44.000Z
" 0.500",2018-03-06T00:40:47.000Z
" 1.000",2018-03-06T00:40:51.000Z
" 1.000",2018-03-06T00:40:55.000Z
" 0.500",2018-03-06T00:40:58.000Z
" 0.500",2018-03-06T00:41:02.000Z
" 0.500",2018-03-06T00:41:06.000Z
" 1.000",2018-03-06T00:41:09.000Z
" 1.000",2018-03-06T00:41:13.000Z
" 0.500",2018-03-06T00:41:17.000Z
" 0.500",2018-03-06T00:41:20.000Z
" 0.500",2018-03-06T00:41:24.000Z
" 1.000",2018-03-06T00:41:28.000Z
" 0.500",2018-03-06T00:41:31.000Z
" 0.500",2018-03-06T00:41:35.000Z
" 1.000",2018-03-06T00:41:39.000Z
" 0.500",2018-03-06T00:41:42.000Z
" 0.500",2018-03-06T00:41:46.000Z
" 0.500",2018-03-06T00:41:50.000Z
" 0.500",2018-03-06T00:41:53.000Z
" 0.500",2018-03-06T00:42:04.000Z
" 0.500",2018-03-06T00:42:08.000Z
" 1.000",2018-03-06T00:42:15.000Z
" 1.000",2018-03-06T00:42:23.000Z
" 1.000",2018-03-06T00:42:26.000Z
" 1.000",2018-03-06T00:42:30.000Z
" 0.500",2018-03-06T00:42:34.000Z
" 0.500",2018-03-06T00:42:37.000Z
" 1.000",2018-03-06T00:42:41.000Z
" 0.500",2018-03-06T00:42:48.000Z
" 0.500",2018-03-06T00:42:56.000Z
" 0.500",2018-03-06T00:42:59.000Z
" 0.500",2018-03-06T00:43:03.000Z
" 0.500",2018-03-06T00:43:07.000Z
" 0.500",2018-03-06T00:43:14.000Z
" 0.500",2018-03-06T00:43:18.000Z
" 1.000",2018-03-06T00:43:21.000Z
" 1.000",2018-03-06T00:43:25.000Z
" 1.000",2018-03-06T00:43:29.000Z
" 1.000",2018-03-06T00:43:33.000Z
" 1.000",2018-03-06T00:43:36.000Z
" 1.000",2018-03-06T00:43:40.000Z
" 1.000",2018-03-06T00:43:44.000Z
" 0.500",2018-03-06T00:43:47.000Z
" 0.500",2018-03-06T00:43:51.000Z
" 0.500",2018-03-06T00:43:55.000Z
" 0.500",2018-03-06T00:43:58.000Z
" 0.500",2018-03-06T00:44:02.000Z
" 0.500",2018-03-06T00:44:06.000Z
" 1.000",2018-03-06T00:44:09.000Z
" 1.000",2018-03-06T00:44:13.000Z
" 1.000",2018-03-06T00:44:17.000Z
" 1.000",2018-03-06T00:44:20.000Z
" 0.500",2018-03-06T00:44:28.000Z
" 0.500",2018-03-06T00:44:31.000Z
" 1.000",2018-03-06T00:44:35.000Z
" 1.000",2018-03-06T00:44:39.000Z
" 0.500",2018-03-06T00:44:42.000Z
" 1.000",2018-03-06T00:44:46.000Z
" 0.500",2018-03-06T00:44:50.000Z
" 0.500",2018-03-06T00:45:08.000Z
" 0.500",2018-03-06T00:45:19.000Z
" 0.500",2018-03-06T00:45:27.000Z
" 0.500",2018-03-06T00:45:38.000Z
" 1.000",2018-03-06T00:45:41.000Z
" 1.000",2018-03-06T00:45:49.000Z
" 0.500",2018-03-06T00:45:56.000Z
" 0.500",2018-03-06T00:46:03.000Z
" 0.500",2018-03-06T00:46:18.000Z
" 1.000",2018-03-06T00:46:29.000Z
" 1.000",2018-03-06T00:46:33.000Z
" 0.500",2018-03-06T00:46:40.000Z
" 0.500",2018-03-06T00:46:44.000Z
" 0.500",2018-03-06T00:46:47.000Z
" 0.500",2018-03-06T00:46:51.000Z
" 0.500",2018-03-06T00:46:55.000Z
" 0.500",2018-03-06T00:47:02.000Z
" 0.500",2018-03-06T00:47:05.000Z
" 0.500",2018-03-06T00:47:27.000Z
" 0.500",2018-03-06T00:47:31.000Z
" 0.500",2018-03-06T00:47:35.000Z
" 0.500",2018-03-06T00:47:38.000Z
" 0.500",2018-03-06T00:47:49.000Z
" 0.500",2018-03-06T00:47:53.000Z
" 1.000",2018-03-06T00:47:57.000Z
" 1.000",2018-03-06T00:48:00.000Z
" 1.000",2018-03-06T00:48:04.000Z
" 0.500",2018-03-06T00:48:15.000Z
" 0.500",2018-03-06T00:48:19.000Z
" 0.500",2018-03-06T00:48:22.000Z
" 0.500",2018-03-06T00:48:26.000Z
" 0.500",2018-03-06T00:48:30.000Z
" 0.500",2018-03-06T00:48:33.000Z
" 0.500",2018-03-06T00:48:37.000Z
" 0.500",2018-03-06T00:48:41.000Z
" 0.500",2018-03-06T00:48:44.000Z
" 0.500",2018-03-06T00:48:48.000Z
" 0.500",2018-03-06T00:48:52.000Z
" 0.500",2018-03-06T00:48:55.000Z
" 0.500",2018-03-06T00:48:59.000Z
" 0.500",2018-03-06T00:49:03.000Z
" 0.500",2018-03-06T00:49:06.000Z
" 1.000",2018-03-06T00:49:10.000Z
" 1.000",2018-03-06T00:49:14.000Z
" 1.000",2018-03-06T00:49:17.000Z
" 0.500",2018-03-06T00:49:21.000Z
" 1.000",2018-03-06T00:49:25.000Z
" 0.500",2018-03-06T00:49:28.000Z
" 1.000",2018-03-06T00:49:32.000Z
" 1.000",2018-03-06T00:49:36.000Z
" 1.000",2018-03-06T00:49:39.000Z
" 1.000",2018-03-06T00:49:43.000Z
" 1.000",2018-03-06T00:49:47.000Z
" 1.000",2018-03-06T00:49:50.000Z
" 1.000",2018-03-06T00:49:54.000Z
" 1.000",2018-03-06T00:49:58.000Z
" 1.000",2018-03-06T00:50:01.000Z
" 1.000",2018-03-06T00:50:05.000Z
" 0.500",2018-03-06T00:50:09.000Z
" 1.000",2018-03-06T00:50:16.000Z
" 1.000",2018-03-06T00:50:20.000Z
" 1.000",2018-03-06T00:50:23.000Z
" 1.000",2018-03-06T00:50:27.000Z
" 1.000",2018-03-06T00:50:31.000Z
" 1.000",2018-03-06T00:50:34.000Z
" 1.000",2018-03-06T00:50:38.000Z
" 1.000",2018-03-06T00:50:42.000Z
" 1.000",2018-03-06T00:50:45.000Z
" 1.000",2018-03-06T00:50:49.000Z
" 1.000",2018-03-06T00:50:56.000Z
" 1.000",2018-03-06T00:51:00.000Z
" 1.000",2018-03-06T00:51:04.000Z
" 0.500",2018-03-06T00:51:07.000Z
" 0.500",2018-03-06T00:51:11.000Z
" 0.500",2018-03-06T00:51:15.000Z
" 0.500",2018-03-06T00:51:18.000Z
" 0.500",2018-03-06T00:51:22.000Z
" 0.500",2018-03-06T00:51:29.000Z
" 0.500",2018-03-06T00:51:33.000Z
" 0.500",2018-03-06T00:51:37.000Z
" 1.000",2018-03-06T00:51:40.000Z
" 1.000",2018-03-06T00:51:44.000Z
" 1.000",2018-03-06T00:51:55.000Z
" 0.500",2018-03-06T00:51:59.000Z
" 0.500",2018-03-06T00:52:02.000Z
" 1.000",2018-03-06T00:52:06.000Z
" 0.500",2018-03-06T00:52:13.000Z
" 1.000",2018-03-06T00:52:24.000Z
" 0.500",2018-03-06T00:52:28.000Z
" 0.500",2018-03-06T00:52:32.000Z
" 0.500",2018-03-06T00:52:35.000Z
" 0.500",2018-03-06T00:52:39.000Z
" 0.500",2018-03-06T00:52:54.000Z
" 0.500",2018-03-06T00:52:57.000Z
" 0.500",2018-03-06T00:53:01.000Z
" 0.500",2018-03-06T00:53:08.000Z
" 1.000",2018-03-06T00:53:16.000Z
" 0.500",2018-03-06T00:53:19.000Z
" 0.500",2018-03-06T00:53:23.000Z
" 0.500",2018-03-06T00:53:30.000Z
" 1.000",2018-03-06T00:53:38.000Z
" 0.500",2018-03-06T00:53:41.000Z
" 0.500",2018-03-06T00:53:45.000Z
" 0.500",2018-03-06T00:53:49.000Z
" 1.000",2018-03-06T00:53:52.000Z
" 0.500",2018-03-06T00:54:00.000Z
" 1.000",2018-03-06T00:54:03.000Z
" 0.500",2018-03-06T00:54:07.000Z
" 0.500",2018-03-06T00:54:11.000Z
" 0.500",2018-03-06T00:54:14.000Z
" 1.000",2018-03-06T00:54:18.000Z
" 0.500",2018-03-06T00:54:22.000Z
" 0.500",2018-03-06T00:54:25.000Z
" 1.000",2018-03-06T00:54:29.000Z
" 0.500",2018-03-06T00:54:33.000Z
" 0.500",2018-03-06T00:54:36.000Z
" 1.000",2018-03-06T00:54:44.000Z
" 1.000",2018-03-06T00:54:47.000Z
" 0.500",2018-03-06T00:54:51.000Z
" 0.500",2018-03-06T00:54:55.000Z
" 0.500",2018-03-06T00:54:58.000Z
" 1.000",2018-03-06T00:55:02.000Z
" 1.000",2018-03-06T00:55:06.000Z
" 0.500",2018-03-06T00:55:09.000Z
" 0.500",2018-03-06T00:55:13.000Z
" 1.000",2018-03-06T00:55:17.000Z
" 0.500",2018-03-06T00:55:24.000Z
" 1.000",2018-03-06T00:55:27.000Z
" 1.000",2018-03-06T00:55:31.000Z
" 0.500",2018-03-06T00:55:35.000Z
" 0.500",2018-03-06T00:55:38.000Z
" 0.500",2018-03-06T00:55:46.000Z
" 0.500",2018-03-06T00:55:49.000Z
" 0.500",2018-03-06T00:55:53.000Z
" 1.000",2018-03-06T00:55:57.000Z
" 0.500",2018-03-06T00:56:04.000Z
" 0.500",2018-03-06T00:56:08.000Z
" 1.000",2018-03-06T00:56:15.000Z
" 0.500",2018-03-06T00:56:19.000Z
" 1.000",2018-03-06T00:56:22.000Z
" 0.500",2018-03-06T00:56:26.000Z
" 0.500",2018-03-06T00:56:30.000Z
" 0.500",2018-03-06T00:56:33.000Z
" 1.000",2018-03-06T00:56:41.000Z
" 0.500",2018-03-06T00:56:44.000Z
" 0.500",2018-03-06T00:56:48.000Z
" 0.500",2018-03-06T00:56:52.000Z
" 0.500",2018-03-06T00:56:55.000Z
" 1.000",2018-03-06T00:56:59.000Z
" 0.500",2018-03-06T00:57:03.000Z
" 0.333",2018-03-06T00:57:10.000Z
" 1.000",2018-03-06T00:57:14.000Z
" 0.500",2018-03-06T00:57:17.000Z
" 0.500",2018-03-06T00:57:21.000Z
" 0.500",2018-03-06T00:57:25.000Z
" 1.000",2018-03-06T00:57:28.000Z
" 0.500",2018-03-06T00:57:32.000Z
" 0.500",2018-03-06T00:57:36.000Z
" 1.000",2018-03-06T00:57:39.000Z
" 1.000",2018-03-06T00:57:43.000Z
" 0.500",2018-03-06T00:57:47.000Z
" 0.500",2018-03-06T00:57:50.000Z
" 1.000",2018-03-06T00:57:54.000Z
" 1.000",2018-03-06T00:57:58.000Z
" 0.500",2018-03-06T00:58:01.000Z
" 0.500",2018-03-06T00:58:09.000Z
" 0.500",2018-03-06T00:58:12.000Z
" 0.500",2018-03-06T00:58:16.000Z
" 0.500",2018-03-06T00:58:20.000Z
" 0.500",2018-03-06T00:58:23.000Z
" 1.000",2018-03-06T00:58:31.000Z
" 0.500",2018-03-06T00:58:34.000Z
" 0.500",2018-03-06T00:58:38.000Z
" 0.500",2018-03-06T00:58:42.000Z
" 0.500",2018-03-06T00:58:45.000Z
" 1.000",2018-03-06T00:58:53.000Z
" 0.500",2018-03-06T00:58:56.000Z
" 0.500",2018-03-06T00:59:00.000Z
" 0.500",2018-03-06T00:59:04.000Z
" 0.500",2018-03-06T00:59:07.000Z
" 0.500",2018-03-06T00:59:11.000Z
" 1.000",2018-03-06T00:59:15.000Z
" 0.500",2018-03-06T00:59:18.000Z
" 1.000",2018-03-06T00:59:26.000Z
" 1.000",2018-03-06T00:59:29.000Z
" 1.000",2018-03-06T00:59:33.000Z
" 0.500",2018-03-06T00:59:37.000Z
" 0.500",2018-03-06T00:59:40.000Z
" 1.000",2018-03-06T00:59:44.000Z
" 1.000",2018-03-06T00:59:48.000Z
" 0.500",2018-03-06T00:59:51.000Z
" 0.500",2018-03-06T00:59:55.000Z
" 0.500",2018-03-06T00:59:59.000Z
" 1.000",2018-03-06T01:00:02.000Z
" 0.500",2018-03-06T01:00:06.000Z
" 0.500",2018-03-06T01:00:10.000Z
" 0.500",2018-03-06T01:00:13.000Z
" 0.500",2018-03-06T01:00:17.000Z
" 1.000",2018-03-06T01:00:21.000Z
" 0.500",2018-03-06T01:00:24.000Z
" 0.500",2018-03-06T01:00:28.000Z
" 0.500",2018-03-06T01:00:32.000Z
" 0.500",2018-03-06T01:00:35.000Z
" 1.000",2018-03-06T01:00:39.000Z
" 0.500",2018-03-06T01:00:43.000Z
" 0.500",2018-03-06T01:00:46.000Z
" 0.500",2018-03-06T01:00:50.000Z
" 1.000",2018-03-06T01:00:57.000Z
" 0.500",2018-03-06T01:01:01.000Z
" 1.000",2018-03-06T01:01:05.000Z
" 0.500",2018-03-06T01:01:08.000Z
" 1.000",2018-03-06T01:01:12.000Z
" 1.000",2018-03-06T01:01:16.000Z
" 1.000",2018-03-06T01:01:19.000Z
" 0.500",2018-03-06T01:01:23.000Z
" 1.000",2018-03-06T01:01:34.000Z
" 0.500",2018-03-06T01:01:38.000Z
" 0.500",2018-03-06T01:01:41.000Z
" 1.000",2018-03-06T01:01:45.000Z
" 1.000",2018-03-06T01:01:49.000Z
" 0.500",2018-03-06T01:01:56.000Z
" 0.500",2018-03-06T01:02:00.000Z
" 1.000",2018-03-06T01:02:03.000Z
" 1.000",2018-03-06T01:02:07.000Z
" 0.500",2018-03-06T01:02:11.000Z
" 0.500",2018-03-06T01:02:14.000Z
" 0.500",2018-03-06T01:02:18.000Z
" 0.500",2018-03-06T01:02:22.000Z
" 0.500",2018-03-06T01:02:25.000Z
" 0.500",2018-03-06T01:02:29.000Z
" 0.500",2018-03-06T01:02:33.000Z
" 1.000",2018-03-06T01:02:36.000Z
" 1.000",2018-03-06T01:02:40.000Z
" 1.000",2018-03-06T01:02:44.000Z
" 1.000",2018-03-06T01:02:47.000Z
" 1.000",2018-03-06T01:02:51.000Z
" 1.000",2018-03-06T01:02:55.000Z
" 1.000",2018-03-06T01:03:02.000Z
" 0.500",2018-03-06T01:03:06.000Z
" 1.000",2018-03-06T01:03:13.000Z
" 1.000",2018-03-06T01:03:17.000Z
" 0.500",2018-03-06T01:03:20.000Z
" 1.000",2018-03-06T01:03:24.000Z
" 1.000",2018-03-06T01:03:31.000Z
" 0.500",2018-03-06T01:03:35.000Z
" 0.500",2018-03-06T01:03:39.000Z
" 0.500",2018-03-06T01:03:42.000Z
" 0.500",2018-03-06T01:03:50.000Z
" 0.500",2018-03-06T01:03:53.000Z
" 0.500",2018-03-06T01:03:57.000Z
" 0.500",2018-03-06T01:04:01.000Z
" 0.500",2018-03-06T01:04:04.000Z
" 0.500",2018-03-06T01:04:08.000Z
" 0.500",2018-03-06T01:04:12.000Z
" 0.500",2018-03-06T01:04:15.000Z
" 0.500",2018-03-06T01:04:19.000Z
" 1.000",2018-03-06T01:04:23.000Z
" 1.000",2018-03-06T01:04:26.000Z
" 1.000",2018-03-06T01:04:30.000Z
" 1.000",2018-03-06T01:04:34.000Z
" 0.500",2018-03-06T01:04:41.000Z
" 0.500",2018-03-06T01:04:45.000Z
" 1.000",2018-03-06T01:04:56.000Z
" 1.000",2018-03-06T01:04:59.000Z
" 0.500",2018-03-06T01:05:07.000Z
" 1.000",2018-03-06T01:05:10.000Z
" 0.500",2018-03-06T01:05:18.000Z
" 0.500",2018-03-06T01:05:21.000Z
" 0.500",2018-03-06T01:05:25.000Z
" 0.500",2018-03-06T01:05:29.000Z
" 0.500",2018-03-06T01:05:40.000Z
" 1.000",2018-03-06T01:05:51.000Z
" 1.000",2018-03-06T01:05:54.000Z
" 1.000",2018-03-06T01:05:58.000Z
" 0.500",2018-03-06T01:06:09.000Z
" 0.500",2018-03-06T01:06:12.000Z
" 0.500",2018-03-06T01:06:16.000Z
" 0.500",2018-03-06T01:06:20.000Z
" 0.500",2018-03-06T01:06:23.000Z
" 1.000",2018-03-06T01:06:31.000Z
" 1.000",2018-03-06T01:06:34.000Z
" 0.500",2018-03-06T01:06:38.000Z
" 1.000",2018-03-06T01:06:42.000Z
" 0.500",2018-03-06T01:06:46.000Z
" 0.500",2018-03-06T01:06:49.000Z
" 0.500",2018-03-06T01:06:53.000Z
" 0.500",2018-03-06T01:06:57.000Z
" 0.500",2018-03-06T01:07:07.000Z
" 0.500",2018-03-06T01:07:11.000Z
" 0.500",2018-03-06T01:07:18.000Z
" 0.500",2018-03-06T01:07:22.000Z
" 0.500",2018-03-06T01:07:26.000Z
" 0.500",2018-03-06T01:07:33.000Z
" 1.000",2018-03-06T01:07:37.000Z
" 1.000",2018-03-06T01:07:40.000Z
" 1.000",2018-03-06T01:07:44.000Z
" 1.000",2018-03-06T01:07:51.000Z
" 1.000",2018-03-06T01:07:55.000Z
" 1.000",2018-03-06T01:07:59.000Z
" 0.500",2018-03-06T01:08:03.000Z
" 1.000",2018-03-06T01:08:06.000Z
" 1.000",2018-03-06T01:08:10.000Z
" 0.500",2018-03-06T01:09:16.000Z
" 0.500",2018-03-06T01:09:23.000Z
" 1.000",2018-03-06T01:09:34.000Z
" 0.500",2018-03-06T01:09:56.000Z
" 1.000",2018-03-06T01:10:00.000Z
" 0.500",2018-03-06T01:10:33.000Z
" 0.500",2018-03-06T01:10:44.000Z
" 0.500",2018-03-06T01:11:32.000Z
" 0.500",2018-03-06T01:12:38.000Z
" 1.000",2018-03-06T01:12:45.000Z
" 0.500",2018-03-06T01:12:56.000Z
" 1.000",2018-03-06T01:13:14.000Z
" 0.500",2018-03-06T01:13:18.000Z
" 0.500",2018-03-06T01:13:25.000Z
" 0.500",2018-03-06T01:13:36.000Z
" 1.000",2018-03-06T01:13:40.000Z
" 0.500",2018-03-06T01:13:44.000Z
" 0.500",2018-03-06T01:13:47.000Z
" 0.500",2018-03-06T01:13:55.000Z
" 0.500",2018-03-06T01:13:58.000Z
" 0.500",2018-03-06T01:14:02.000Z
" 0.500",2018-03-06T01:14:06.000Z
" 0.500",2018-03-06T01:14:09.000Z
" 0.500",2018-03-06T01:14:57.000Z
" 0.500",2018-03-06T01:15:37.000Z
" 1.000",2018-03-06T01:15:48.000Z
" 0.500",2018-03-06T01:15:52.000Z
" 0.500",2018-03-06T01:15:56.000Z
" 0.500",2018-03-06T01:16:18.000Z
" 0.500",2018-03-06T01:16:21.000Z
" 0.500",2018-03-06T01:16:25.000Z
" 0.500",2018-03-06T01:16:29.000Z
" 0.500",2018-03-06T01:16:40.000Z
" 0.500",2018-03-06T01:16:43.000Z
" 0.500",2018-03-06T01:16:54.000Z
" 0.500",2018-03-06T01:16:58.000Z
" 0.500",2018-03-06T01:17:02.000Z
" 0.500",2018-03-06T01:17:05.000Z
" 1.000",2018-03-06T01:17:09.000Z
" 1.000",2018-03-06T01:17:13.000Z
" 1.000",2018-03-06T01:17:16.000Z
" 1.000",2018-03-06T01:17:20.000Z
" 0.500",2018-03-06T01:17:27.000Z
" 1.000",2018-03-06T01:17:31.000Z
" 1.000",2018-03-06T01:17:35.000Z
" 1.000",2018-03-06T01:17:38.000Z
" 0.500",2018-03-06T01:17:42.000Z
" 0.500",2018-03-06T01:17:46.000Z
" 1.000",2018-03-06T01:17:49.000Z
" 0.500",2018-03-06T01:17:53.000Z
" 0.500",2018-03-06T01:17:57.000Z
" 0.500",2018-03-06T01:18:04.000Z
" 1.000",2018-03-06T01:18:08.000Z
" 1.000",2018-03-06T01:18:15.000Z
" 0.500",2018-03-06T01:18:23.000Z
" 0.500",2018-03-06T01:18:26.000Z
" 0.500",2018-03-06T02:07:32.000Z
" 0.333",2018-03-06T02:07:36.000Z
" 0.667",2018-03-06T02:07:54.000Z
" 0.667",2018-03-06T02:07:58.000Z
" 0.167",2018-03-06T02:08:02.000Z
" 0.750",2018-03-06T02:08:09.000Z
" 0.750",2018-03-06T02:08:16.000Z
" 0.600",2018-03-06T02:08:20.000Z
" 0.333",2018-03-06T02:08:24.000Z
" 0.750",2018-03-06T02:08:27.000Z
" 0.750",2018-03-06T02:08:31.000Z
" 0.750",2018-03-06T02:08:35.000Z
" 0.750",2018-03-06T02:08:38.000Z
" 0.600",2018-03-06T02:08:42.000Z
" 0.750",2018-03-06T02:08:46.000Z
" 0.600",2018-03-06T02:08:53.000Z
" 0.333",2018-03-06T02:09:00.000Z
" 0.750",2018-03-06T02:09:08.000Z
" 0.750",2018-03-06T02:09:11.000Z
" 1.000",2018-03-06T02:09:15.000Z
" 1.000",2018-03-06T02:09:19.000Z
" 1.000",2018-03-06T02:09:30.000Z
" 0.750",2018-03-06T02:09:33.000Z
" 0.750",2018-03-06T02:09:41.000Z
" 1.000",2018-03-06T02:09:44.000Z
" 0.750",2018-03-06T02:09:48.000Z
" 1.000",2018-03-06T02:09:55.000Z
" 0.750",2018-03-06T02:09:59.000Z
" 0.750",2018-03-06T02:10:06.000Z
" 1.000",2018-03-06T02:10:10.000Z
" 0.750",2018-03-06T02:10:17.000Z
" 1.000",2018-03-06T02:10:21.000Z
" 1.000",2018-03-06T02:10:25.000Z
" 0.750",2018-03-06T02:10:28.000Z
" 1.000",2018-03-06T02:10:32.000Z
" 1.000",2018-03-06T02:10:36.000Z
" 0.750",2018-03-06T02:10:39.000Z
" 0.750",2018-03-06T02:10:58.000Z
" 0.750",2018-03-06T02:11:01.000Z
" 1.000",2018-03-06T02:11:05.000Z
" 0.750",2018-03-06T02:11:09.000Z
" 0.800",2018-03-06T02:11:12.000Z
" 0.750",2018-03-06T02:11:16.000Z
" 1.000",2018-03-06T02:11:23.000Z
" 1.000",2018-03-06T02:11:27.000Z
" 1.000",2018-03-06T02:11:34.000Z
" 0.750",2018-03-06T02:11:49.000Z
" 1.000",2018-03-06T02:11:53.000Z
" 1.000",2018-03-06T02:11:56.000Z
" 0.750",2018-03-06T02:12:00.000Z
" 0.800",2018-03-06T02:12:03.000Z
" 1.000",2018-03-06T02:12:07.000Z
" 1.000",2018-03-06T02:12:14.000Z
" 0.750",2018-03-06T02:12:18.000Z
" 1.000",2018-03-06T02:12:22.000Z
" 1.000",2018-03-06T02:12:25.000Z
" 0.750",2018-03-06T02:12:29.000Z
" 1.000",2018-03-06T02:12:33.000Z
" 0.750",2018-03-06T02:12:36.000Z
" 1.000",2018-03-06T02:12:40.000Z
" 1.000",2018-03-06T02:12:44.000Z
" 0.750",2018-03-06T02:12:47.000Z
" 1.000",2018-03-06T02:12:51.000Z
" 0.750",2018-03-06T02:12:55.000Z
" 0.750",2018-03-06T02:12:58.000Z
" 0.667",2018-03-06T02:13:02.000Z
" 0.750",2018-03-06T02:13:09.000Z
" 1.000",2018-03-06T02:13:17.000Z
" 1.000",2018-03-06T02:13:24.000Z
" 1.000",2018-03-06T02:13:31.000Z
" 1.000",2018-03-06T02:13:35.000Z
" 1.000",2018-03-06T02:13:42.000Z
" 0.800",2018-03-06T02:13:46.000Z
" 1.000",2018-03-06T02:13:50.000Z
" 0.667",2018-03-06T02:13:53.000Z
" 0.667",2018-03-06T02:13:57.000Z
" 0.800",2018-03-06T02:14:01.000Z
" 1.000",2018-03-06T02:14:04.000Z
" 0.667",2018-03-06T02:14:08.000Z
" 0.667",2018-03-06T02:14:12.000Z
" 1.000",2018-03-06T02:14:15.000Z
" 1.000",2018-03-06T02:14:19.000Z
" 1.000",2018-03-06T02:14:26.000Z
" 0.400",2018-03-06T02:14:34.000Z
" 1.000",2018-03-06T02:14:37.000Z
" 0.750",2018-03-06T02:14:41.000Z
" 0.500",2018-03-06T02:14:48.000Z
" 1.000",2018-03-06T02:14:52.000Z
" 0.600",2018-03-06T02:14:56.000Z
" 1.000",2018-03-06T02:14:59.000Z
" 0.667",2018-03-06T02:15:07.000Z
" 1.000",2018-03-06T02:15:10.000Z
" 0.750",2018-03-06T02:15:14.000Z
" 0.750",2018-03-06T02:15:21.000Z
" 0.500",2018-03-06T02:15:29.000Z
" 0.667",2018-03-06T02:15:32.000Z
" 1.000",2018-03-06T02:15:36.000Z
" 1.000",2018-03-06T02:15:40.000Z
" 1.000",2018-03-06T02:15:43.000Z
" 0.800",2018-03-06T02:15:51.000Z
" 1.000",2018-03-06T02:15:58.000Z
" 0.500",2018-03-06T02:16:01.000Z
" 1.000",2018-03-06T02:16:05.000Z
" 1.000",2018-03-06T02:16:09.000Z
" 0.866",2018-03-06T02:16:16.000Z
" 0.521",2018-03-06T02:16:24.000Z
" 1.000",2018-03-06T02:16:27.000Z
" 1.000",2018-03-06T02:16:31.000Z
" 0.623",2018-03-06T02:16:38.000Z
" 0.125",2018-03-06T02:16:42.000Z
" 0.419",2018-03-06T02:16:46.000Z
" 1.000",2018-03-06T02:16:49.000Z
" 1.000",2018-03-06T02:16:53.000Z
" 0.567",2018-03-06T02:16:57.000Z
" 0.504",2018-03-06T02:17:00.000Z
" 0.073",2018-03-06T02:17:04.000Z
" 0.073",2018-03-06T02:17:08.000Z
" 1.000",2018-03-06T02:17:15.000Z
" 0.375",2018-03-06T02:17:19.000Z
" 0.090",2018-03-06T02:17:26.000Z
" 0.354",2018-03-06T02:17:30.000Z
" 0.294",2018-03-06T02:17:33.000Z
" 1.000",2018-03-06T02:17:37.000Z
" 0.408",2018-03-06T02:17:41.000Z
" 0.508",2018-03-06T02:17:44.000Z
" 0.068",2018-03-06T02:17:48.000Z
" 0.425",2018-03-06T02:17:52.000Z
" 0.148",2018-03-06T02:17:55.000Z
" 1.000",2018-03-06T02:17:59.000Z
" 0.742",2018-03-06T02:18:03.000Z
" 0.538",2018-03-06T02:18:06.000Z
" 0.097",2018-03-06T02:18:10.000Z
" 0.395",2018-03-06T02:18:14.000Z
" 1.000",2018-03-06T02:18:17.000Z
" 1.000",2018-03-06T02:18:21.000Z
" 0.221",2018-03-06T02:18:25.000Z
" 0.434",2018-03-06T02:18:28.000Z
" 0.070",2018-03-06T02:18:32.000Z
" 0.354",2018-03-06T02:18:36.000Z
" 0.273",2018-03-06T02:18:39.000Z
" 1.000",2018-03-06T02:18:43.000Z
" 0.483",2018-03-06T02:18:47.000Z
" 0.525",2018-03-06T02:18:50.000Z
" 0.087",2018-03-06T02:18:54.000Z
" 0.236",2018-03-06T02:18:58.000Z
" 0.156",2018-03-06T02:19:01.000Z
" 1.000",2018-03-06T02:19:05.000Z
" 0.584",2018-03-06T02:19:12.000Z
" 0.733",2018-03-06T02:19:09.000Z
" 0.083",2018-03-06T02:19:16.000Z
" 0.309",2018-03-06T02:19:20.000Z
" 1.000",2018-03-06T02:19:27.000Z
" 0.221",2018-03-06T02:19:31.000Z
" 0.433",2018-03-06T02:19:34.000Z
" 0.046",2018-03-06T02:19:38.000Z
" 0.558",2018-03-06T02:19:42.000Z
" 0.395",2018-03-06T02:19:45.000Z
" 1.000",2018-03-06T02:19:49.000Z
" 0.460",2018-03-06T02:19:53.000Z
" 0.072",2018-03-06T02:20:00.000Z
" 0.375",2018-03-06T02:20:04.000Z
" 0.078",2018-03-06T02:20:07.000Z
" 1.000",2018-03-06T02:20:11.000Z
" 0.305",2018-03-06T02:20:15.000Z
" 0.415",2018-03-06T02:20:18.000Z
" 0.056",2018-03-06T02:20:22.000Z
" 0.306",2018-03-06T02:20:29.000Z
" 1.000",2018-03-06T02:20:33.000Z
" 0.460",2018-03-06T02:20:37.000Z
" 0.538",2018-03-06T02:20:40.000Z
" 0.091",2018-03-06T02:20:44.000Z
" 0.279",2018-03-06T02:20:48.000Z
" 0.190",2018-03-06T02:20:51.000Z
" 1.000",2018-03-06T02:20:55.000Z
" 0.687",2018-03-06T02:20:59.000Z
" 0.648",2018-03-06T02:21:02.000Z
" 1.000",2018-03-06T02:21:13.000Z
" 1.000",2018-03-06T02:21:17.000Z
" 0.333",2018-03-06T02:21:21.000Z
" 0.472",2018-03-06T02:21:24.000Z
" 0.051",2018-03-06T02:21:28.000Z
" 0.181",2018-03-06T02:21:32.000Z
" 0.257",2018-03-06T02:21:35.000Z
" 1.000",2018-03-06T02:21:39.000Z
" 0.077",2018-03-06T02:21:50.000Z
" 0.386",2018-03-06T02:21:54.000Z
" 0.153",2018-03-06T02:21:57.000Z
" 1.000",2018-03-06T02:22:01.000Z
" 0.860",2018-03-06T02:22:05.000Z
" 0.635",2018-03-06T02:22:08.000Z
" 0.092",2018-03-06T02:22:12.000Z
" 1.000",2018-03-06T02:22:19.000Z
" 0.274",2018-03-06T02:22:27.000Z
" 0.394",2018-03-06T02:22:30.000Z
" 0.089",2018-03-06T02:22:34.000Z
" 0.371",2018-03-06T02:22:38.000Z
" 0.208",2018-03-06T02:22:41.000Z
" 1.000",2018-03-06T02:22:45.000Z
" 0.444",2018-03-06T02:22:49.000Z
" 0.443",2018-03-06T02:22:52.000Z
" 0.073",2018-03-06T02:22:56.000Z
" 0.353",2018-03-06T02:23:00.000Z
" 1.000",2018-03-06T02:23:07.000Z
" 0.692",2018-03-06T02:23:11.000Z
" 0.560",2018-03-06T02:23:14.000Z
" 0.131",2018-03-06T02:23:18.000Z
" 0.551",2018-03-06T02:23:22.000Z
" 1.000",2018-03-06T02:23:25.000Z
" 1.000",2018-03-06T02:23:29.000Z
" 0.250",2018-03-06T02:23:33.000Z
" 0.500",2018-03-06T02:23:36.000Z
" 0.053",2018-03-06T02:23:40.000Z
" 0.394",2018-03-06T02:23:44.000Z
" 0.255",2018-03-06T02:23:47.000Z
" 1.000",2018-03-06T02:23:51.000Z
" 0.483",2018-03-06T02:23:55.000Z
" 0.504",2018-03-06T02:23:58.000Z
" 0.125",2018-03-06T02:24:02.000Z
" 0.693",2018-03-06T02:24:06.000Z
" 1.000",2018-03-06T02:24:13.000Z
" 0.662",2018-03-06T02:24:17.000Z
" 0.564",2018-03-06T02:24:20.000Z
" 0.080",2018-03-06T02:24:24.000Z
" 1.000",2018-03-06T02:24:31.000Z
" 1.000",2018-03-06T02:24:35.000Z
" 0.343",2018-03-06T02:24:39.000Z
" 0.038",2018-03-06T02:24:46.000Z
" 0.443",2018-03-06T02:24:50.000Z
" 0.270",2018-03-06T02:24:53.000Z
" 1.000",2018-03-06T02:24:57.000Z
" 0.048",2018-03-06T02:25:01.000Z
" 0.067",2018-03-06T02:25:08.000Z
" 0.392",2018-03-06T02:25:12.000Z
" 0.430",2018-03-06T02:25:15.000Z
" 1.000",2018-03-06T02:25:19.000Z
" 0.324",2018-03-06T02:25:23.000Z
" 0.455",2018-03-06T02:25:26.000Z
" 0.051",2018-03-06T02:25:30.000Z
" 0.092",2018-03-06T02:25:37.000Z
" 0.581",2018-03-06T02:25:48.000Z
" 0.077",2018-03-06T02:25:52.000Z
" 0.311",2018-03-06T02:25:56.000Z
" 0.219",2018-03-06T02:25:59.000Z
" 0.750",2018-03-06T02:26:07.000Z
" 0.583",2018-03-06T02:26:10.000Z
" 0.100",2018-03-06T02:26:14.000Z
" 0.319",2018-03-06T02:26:18.000Z
" 0.096",2018-03-06T02:26:21.000Z
" 1.000",2018-03-06T02:26:25.000Z
" 0.918",2018-03-06T02:26:29.000Z
" 0.664",2018-03-06T02:26:32.000Z
" 0.122",2018-03-06T02:26:36.000Z
" 0.318",2018-03-06T02:26:40.000Z
" 1.000",2018-03-06T02:26:43.000Z
" 1.000",2018-03-06T02:26:47.000Z
" 0.333",2018-03-06T02:27:02.000Z
" 0.145",2018-03-06T02:27:05.000Z
" 0.096",2018-03-06T02:27:20.000Z
" 0.513",2018-03-06T02:27:24.000Z
" 0.825",2018-03-06T02:27:31.000Z
" 0.467",2018-03-06T02:27:38.000Z
" 0.226",2018-03-06T02:27:42.000Z
" 0.045",2018-03-06T02:27:46.000Z
" 0.056",2018-03-06T02:27:53.000Z
" 0.546",2018-03-06T02:27:57.000Z
" 1.000",2018-03-06T02:28:04.000Z
" 0.846",2018-03-06T02:28:08.000Z
" 0.571",2018-03-06T02:28:11.000Z
" 0.692",2018-03-06T02:28:15.000Z
" 0.538",2018-03-06T02:28:19.000Z
" 0.615",2018-03-06T02:28:22.000Z
" 0.692",2018-03-06T02:28:26.000Z
" 0.692",2018-03-06T02:28:30.000Z
" 0.714",2018-03-06T02:28:33.000Z
" 0.714",2018-03-06T02:28:40.000Z
" 0.769",2018-03-06T02:28:44.000Z
" 0.769",2018-03-06T02:28:48.000Z
" 0.692",2018-03-06T02:28:51.000Z
" 0.615",2018-03-06T02:28:55.000Z
" 0.667",2018-03-06T02:29:02.000Z
" 0.692",2018-03-06T02:29:10.000Z
" 0.769",2018-03-06T02:29:13.000Z
" 0.833",2018-03-06T02:29:24.000Z
" 0.643",2018-03-06T02:29:28.000Z
" 0.643",2018-03-06T02:29:32.000Z
" 0.643",2018-03-06T02:29:43.000Z
" 0.750",2018-03-06T02:29:46.000Z
" 0.667",2018-03-06T02:29:50.000Z
" 0.667",2018-03-06T02:29:57.000Z
" 0.643",2018-03-06T02:30:01.000Z
" 0.667",2018-03-06T02:30:05.000Z
" 0.750",2018-03-06T02:30:08.000Z
" 0.750",2018-03-06T02:30:12.000Z
" 0.643",2018-03-06T02:30:19.000Z
" 0.692",2018-03-06T02:30:27.000Z
" 0.643",2018-03-06T02:30:34.000Z
" 0.667",2018-03-06T02:30:38.000Z
" 0.667",2018-03-06T02:30:41.000Z
" 0.500",2018-03-06T02:30:45.000Z
" 0.667",2018-03-06T02:30:49.000Z
" 0.583",2018-03-06T02:30:52.000Z
" 0.750",2018-03-06T02:30:56.000Z
" 0.692",2018-03-06T02:31:00.000Z
" 0.750",2018-03-06T02:31:11.000Z
" 0.692",2018-03-06T02:31:14.000Z
" 0.750",2018-03-06T02:31:18.000Z
" 0.750",2018-03-06T02:31:22.000Z
" 0.583",2018-03-06T02:31:25.000Z
" 0.750",2018-03-06T02:31:29.000Z
" 0.643",2018-03-06T02:31:33.000Z
" 0.667",2018-03-06T02:31:36.000Z
" 0.500",2018-03-06T02:31:40.000Z
" 0.583",2018-03-06T02:31:44.000Z
" 0.750",2018-03-06T02:31:47.000Z
" 0.750",2018-03-06T02:31:51.000Z
" 0.750",2018-03-06T02:31:55.000Z
" 0.643",2018-03-06T02:31:58.000Z
" 0.750",2018-03-06T02:32:02.000Z
" 0.667",2018-03-06T02:32:06.000Z
" 0.583",2018-03-06T02:32:17.000Z
" 0.750",2018-03-06T02:32:20.000Z
" 0.750",2018-03-06T02:32:24.000Z
" 0.750",2018-03-06T02:32:28.000Z
" 0.500",2018-03-06T02:32:31.000Z
" 0.750",2018-03-06T02:32:35.000Z
" 0.583",2018-03-06T02:32:38.000Z
" 0.692",2018-03-06T02:32:42.000Z
" 0.643",2018-03-06T02:32:46.000Z
" 0.750",2018-03-06T02:32:53.000Z
" 0.643",2018-03-06T02:32:57.000Z
" 0.692",2018-03-06T02:33:04.000Z
" 0.643",2018-03-06T02:33:08.000Z
" 0.583",2018-03-06T02:33:11.000Z
" 0.750",2018-03-06T02:33:15.000Z
" 0.750",2018-03-06T02:33:19.000Z
" 0.500",2018-03-06T02:33:22.000Z
" 0.750",2018-03-06T02:33:26.000Z
" 0.692",2018-03-06T02:33:30.000Z
" 0.692",2018-03-06T02:33:41.000Z
" 0.500",2018-03-06T02:33:44.000Z
" 0.667",2018-03-06T02:33:48.000Z
" 0.643",2018-03-06T02:33:52.000Z
" 0.643",2018-03-06T02:33:59.000Z
" 0.750",2018-03-06T02:34:03.000Z
" 0.667",2018-03-06T02:34:06.000Z
" 0.750",2018-03-06T02:34:10.000Z
" 0.692",2018-03-06T02:34:14.000Z
" 0.500",2018-03-06T02:34:17.000Z
" 0.643",2018-03-06T02:34:28.000Z
" 0.538",2018-03-06T02:34:32.000Z
" 0.667",2018-03-06T02:34:36.000Z
" 0.667",2018-03-06T02:34:39.000Z
" 0.615",2018-03-06T02:34:43.000Z
" 0.750",2018-03-06T02:34:47.000Z
" 0.692",2018-03-06T02:34:50.000Z
" 0.833",2018-03-06T02:34:54.000Z
" 0.615",2018-03-06T02:34:58.000Z
" 0.615",2018-03-06T02:35:01.000Z
" 0.615",2018-03-06T02:35:05.000Z
" 1.000",2018-03-06T02:35:09.000Z
" 0.834",2018-03-06T02:35:12.000Z
" 0.077",2018-03-06T02:35:16.000Z
" 0.820",2018-03-06T02:35:20.000Z
" 0.054",2018-03-06T02:35:23.000Z
" 0.637",2018-03-06T02:35:27.000Z
" 1.000",2018-03-06T02:35:31.000Z
" 0.024",2018-03-06T02:35:34.000Z
" 0.856",2018-03-06T02:35:38.000Z
" 0.051",2018-03-06T02:35:42.000Z
" 0.825",2018-03-06T02:35:45.000Z
" 0.840",2018-03-06T02:35:53.000Z
" 0.832",2018-03-06T02:35:56.000Z
" 0.825",2018-03-06T02:36:00.000Z
" 0.844",2018-03-06T02:36:04.000Z
" 0.836",2018-03-06T02:36:07.000Z
" 0.836",2018-03-06T02:36:11.000Z
" 0.835",2018-03-06T02:36:18.000Z
" 0.828",2018-03-06T02:36:22.000Z
" 0.846",2018-03-06T02:36:29.000Z
" 0.826",2018-03-06T02:36:33.000Z
" 0.825",2018-03-06T02:36:36.000Z
" 0.844",2018-03-06T02:36:40.000Z
" 0.837",2018-03-06T02:36:44.000Z
" 0.823",2018-03-06T02:36:47.000Z
" 0.828",2018-03-06T02:36:51.000Z
" 0.832",2018-03-06T02:36:55.000Z
" 0.819",2018-03-06T02:36:58.000Z
" 0.851",2018-03-06T02:37:02.000Z
" 0.796",2018-03-06T02:37:06.000Z
" 1.000",2018-03-06T02:37:09.000Z
" 0.400",2018-03-06T02:37:13.000Z
" 0.667",2018-03-06T02:37:17.000Z
" 0.750",2018-03-06T02:37:31.000Z
" 0.500",2018-03-06T02:37:35.000Z
" 1.000",2018-03-06T02:37:39.000Z
" 1.000",2018-03-06T02:37:42.000Z
" 1.000",2018-03-06T02:37:46.000Z
" 0.500",2018-03-06T02:37:50.000Z
" 1.000",2018-03-06T02:37:53.000Z
" 1.000",2018-03-06T02:37:57.000Z
" 1.000",2018-03-06T02:38:01.000Z
" 0.667",2018-03-06T02:38:04.000Z
" 0.500",2018-03-06T02:38:08.000Z
" 0.750",2018-03-06T02:38:19.000Z
" 0.750",2018-03-06T02:38:23.000Z
" 0.750",2018-03-06T02:38:26.000Z
" 1.000",2018-03-06T02:38:34.000Z
" 1.000",2018-03-06T02:38:37.000Z
" 0.750",2018-03-06T02:38:41.000Z
" 0.750",2018-03-06T02:38:45.000Z
" 0.600",2018-03-06T02:38:52.000Z
" 1.000",2018-03-06T02:38:56.000Z
" 0.750",2018-03-06T02:38:59.000Z
" 0.750",2018-03-06T02:39:03.000Z
" 0.750",2018-03-06T02:39:07.000Z
" 0.750",2018-03-06T02:39:10.000Z
" 0.750",2018-03-06T02:39:14.000Z
" 0.750",2018-03-06T02:39:18.000Z
" 0.750",2018-03-06T02:39:21.000Z
" 0.750",2018-03-06T02:39:25.000Z
" 0.750",2018-03-06T02:39:29.000Z
" 0.750",2018-03-06T02:39:32.000Z
" 0.800",2018-03-06T02:39:36.000Z
" 1.000",2018-03-06T02:39:40.000Z
" 1.000",2018-03-06T02:39:43.000Z
" 0.750",2018-03-06T02:39:47.000Z
" 0.750",2018-03-06T02:39:51.000Z
" 0.750",2018-03-06T02:39:54.000Z
" 0.750",2018-03-06T02:39:58.000Z
" 1.000",2018-03-06T02:40:05.000Z
" 0.750",2018-03-06T02:40:09.000Z
" 1.000",2018-03-06T02:40:13.000Z
" 0.600",2018-03-06T02:40:16.000Z
" 1.000",2018-03-06T02:40:20.000Z
" 0.667",2018-03-06T02:40:24.000Z
" 0.750",2018-03-06T02:40:27.000Z
" 1.000",2018-03-06T02:40:31.000Z
" 0.667",2018-03-06T02:40:38.000Z
" 1.000",2018-03-06T02:40:42.000Z
" 1.000",2018-03-06T02:40:49.000Z
" 0.667",2018-03-06T02:40:53.000Z
" 0.750",2018-03-06T02:40:56.000Z
" 1.000",2018-03-06T02:41:00.000Z
" 0.750",2018-03-06T02:41:04.000Z
" 0.750",2018-03-06T02:41:07.000Z
" 1.000",2018-03-06T02:41:11.000Z
" 1.000",2018-03-06T02:41:15.000Z
" 1.000",2018-03-06T02:41:18.000Z
" 0.600",2018-03-06T02:41:22.000Z
" 1.000",2018-03-06T02:41:26.000Z
" 0.667",2018-03-06T02:41:29.000Z
" 0.750",2018-03-06T02:41:33.000Z
" 0.600",2018-03-06T02:41:37.000Z
" 0.667",2018-03-06T02:41:40.000Z
" 0.667",2018-03-06T02:41:44.000Z
" 0.667",2018-03-06T02:41:48.000Z
" 0.750",2018-03-06T02:41:51.000Z
" 0.667",2018-03-06T02:41:59.000Z
" 1.000",2018-03-06T02:42:02.000Z
" 0.750",2018-03-06T02:42:06.000Z
" 1.000",2018-03-06T02:42:10.000Z
" 0.750",2018-03-06T02:42:13.000Z
" 0.750",2018-03-06T02:42:28.000Z
" 1.000",2018-03-06T02:42:32.000Z
" 0.667",2018-03-06T02:42:35.000Z
" 1.000",2018-03-06T02:42:39.000Z
" 1.000",2018-03-06T02:42:46.000Z
" 1.000",2018-03-06T02:42:50.000Z
" 0.800",2018-03-06T02:42:54.000Z
" 1.000",2018-03-06T02:42:57.000Z
" 0.800",2018-03-06T02:43:01.000Z
" 0.667",2018-03-06T02:43:08.000Z
" 0.667",2018-03-06T02:43:16.000Z
" 1.000",2018-03-06T02:43:19.000Z
" 1.000",2018-03-06T02:43:34.000Z
" 1.000",2018-03-06T02:43:41.000Z
" 1.000",2018-03-06T02:43:45.000Z
" 0.667",2018-03-06T02:43:49.000Z
" 0.750",2018-03-06T02:43:52.000Z
" 0.667",2018-03-06T02:43:56.000Z
" 1.000",2018-03-06T02:44:00.000Z
" 1.000",2018-03-06T02:44:03.000Z
" 0.600",2018-03-06T02:44:07.000Z
" 0.800",2018-03-06T02:44:14.000Z
" 1.000",2018-03-06T02:44:18.000Z
" 0.500",2018-03-06T02:44:22.000Z
" 0.800",2018-03-06T02:44:33.000Z
" 0.667",2018-03-06T02:44:36.000Z
" 0.750",2018-03-06T02:44:40.000Z
" 0.667",2018-03-06T02:44:43.000Z
" 0.800",2018-03-06T02:44:47.000Z
" 0.750",2018-03-06T02:44:51.000Z
" 0.667",2018-03-06T02:44:54.000Z
" 0.400",2018-03-06T02:44:58.000Z
" 0.667",2018-03-06T02:45:05.000Z
" 1.000",2018-03-06T02:45:09.000Z
" 1.000",2018-03-06T02:45:16.000Z
" 1.000",2018-03-06T02:45:20.000Z
" 0.800",2018-03-06T02:45:24.000Z
" 0.500",2018-03-06T02:45:31.000Z
" 1.000",2018-03-06T02:45:35.000Z
" 0.667",2018-03-06T02:45:38.000Z
" 0.548",2018-03-06T02:45:42.000Z
" 0.352",2018-03-06T02:45:46.000Z
" 1.000",2018-03-06T02:45:49.000Z
" 1.000",2018-03-06T02:45:53.000Z
" 1.000",2018-03-06T02:45:57.000Z
" 0.559",2018-03-06T02:46:00.000Z
" 0.941",2018-03-06T02:46:04.000Z
" 0.211",2018-03-06T02:46:08.000Z
" 0.192",2018-03-06T02:46:11.000Z
" 1.000",2018-03-06T02:46:15.000Z
" 1.000",2018-03-06T02:46:19.000Z
" 0.744",2018-03-06T02:46:22.000Z
" 0.189",2018-03-06T02:46:30.000Z
" 0.757",2018-03-06T02:46:33.000Z
" 1.000",2018-03-06T02:46:37.000Z
" 1.000",2018-03-06T02:46:41.000Z
" 0.985",2018-03-06T02:46:44.000Z
" 0.739",2018-03-06T02:46:48.000Z
" 0.086",2018-03-06T02:46:52.000Z
" 0.516",2018-03-06T02:46:55.000Z
" 1.000",2018-03-06T02:46:59.000Z
" 1.000",2018-03-06T02:47:03.000Z
" 0.590",2018-03-06T02:47:06.000Z
" 0.117",2018-03-06T02:47:14.000Z
" 0.368",2018-03-06T02:47:17.000Z
" 0.080",2018-03-06T02:47:21.000Z
" 1.000",2018-03-06T02:47:25.000Z
" 0.725",2018-03-06T02:47:28.000Z
" 0.612",2018-03-06T02:47:32.000Z
" 0.109",2018-03-06T02:47:36.000Z
" 1.000",2018-03-06T02:47:43.000Z
" 0.541",2018-03-06T02:47:54.000Z
" 0.035",2018-03-06T02:47:58.000Z
" 0.434",2018-03-06T02:48:01.000Z
" 0.219",2018-03-06T02:48:05.000Z
" 0.393",2018-03-06T02:48:09.000Z
" 0.661",2018-03-06T02:48:12.000Z
" 0.906",2018-03-06T02:48:16.000Z
" 0.748",2018-03-06T02:48:20.000Z
" 0.517",2018-03-06T02:48:23.000Z
" 0.338",2018-03-06T02:48:27.000Z
" 0.055",2018-03-06T02:48:31.000Z
" 0.136",2018-03-06T02:48:34.000Z
" 0.926",2018-03-06T02:48:38.000Z
" 0.750",2018-03-06T02:48:42.000Z
" 0.231",2018-03-06T02:48:45.000Z
" 0.615",2018-03-06T02:48:53.000Z
" 0.692",2018-03-06T02:48:56.000Z
" 0.750",2018-03-06T02:49:00.000Z
" 0.571",2018-03-06T02:49:04.000Z
" 0.692",2018-03-06T02:49:07.000Z
" 0.643",2018-03-06T02:49:18.000Z
" 0.643",2018-03-06T02:49:22.000Z
" 0.714",2018-03-06T02:49:26.000Z
" 0.615",2018-03-06T02:49:37.000Z
" 0.667",2018-03-06T02:49:40.000Z
" 0.833",2018-03-06T02:49:44.000Z
" 0.571",2018-03-06T02:49:48.000Z
" 0.643",2018-03-06T02:49:51.000Z
" 0.750",2018-03-06T02:49:59.000Z
" 0.571",2018-03-06T02:50:02.000Z
" 0.615",2018-03-06T02:50:10.000Z
" 0.571",2018-03-06T02:50:13.000Z
" 0.714",2018-03-06T02:50:20.000Z
" 0.833",2018-03-06T02:50:24.000Z
" 0.714",2018-03-06T02:50:28.000Z
" 0.833",2018-03-06T02:50:31.000Z
" 0.714",2018-03-06T02:50:35.000Z
" 0.571",2018-03-06T02:50:42.000Z
" 0.750",2018-03-06T02:50:46.000Z
" 0.714",2018-03-06T02:50:50.000Z
" 0.714",2018-03-06T02:50:53.000Z
" 0.833",2018-03-06T02:50:57.000Z
" 0.833",2018-03-06T02:51:01.000Z
" 0.833",2018-03-06T02:51:04.000Z
" 0.833",2018-03-06T02:51:08.000Z
" 0.667",2018-03-06T02:51:15.000Z
" 0.571",2018-03-06T02:51:19.000Z
" 0.833",2018-03-06T02:51:23.000Z
" 0.615",2018-03-06T02:51:26.000Z
" 0.571",2018-03-06T02:51:34.000Z
" 0.750",2018-03-06T02:51:41.000Z
" 0.750",2018-03-06T02:51:45.000Z
" 0.667",2018-03-06T02:51:48.000Z
" 0.750",2018-03-06T02:51:52.000Z
" 0.750",2018-03-06T02:51:59.000Z
" 0.750",2018-03-06T02:52:03.000Z
" 0.750",2018-03-06T02:52:07.000Z
" 0.667",2018-03-06T02:52:10.000Z
" 0.750",2018-03-06T02:52:18.000Z
" 0.583",2018-03-06T02:52:21.000Z
" 0.667",2018-03-06T02:52:25.000Z
" 0.643",2018-03-06T02:52:29.000Z
" 0.750",2018-03-06T02:52:32.000Z
" 0.750",2018-03-06T02:52:36.000Z
" 0.643",2018-03-06T02:52:39.000Z
" 0.643",2018-03-06T02:52:43.000Z
" 0.750",2018-03-06T02:52:47.000Z
" 0.750",2018-03-06T02:52:54.000Z
" 0.750",2018-03-06T02:52:58.000Z
" 0.583",2018-03-06T02:53:05.000Z
" 0.667",2018-03-06T02:53:09.000Z
" 0.643",2018-03-06T02:53:12.000Z
" 0.667",2018-03-06T02:53:20.000Z
" 0.583",2018-03-06T02:53:23.000Z
" 0.692",2018-03-06T02:53:27.000Z
" 0.500",2018-03-06T02:53:34.000Z
" 0.643",2018-03-06T02:53:42.000Z
" 0.692",2018-03-06T02:53:45.000Z
" 0.750",2018-03-06T02:53:49.000Z
" 0.692",2018-03-06T02:53:56.000Z
" 0.692",2018-03-06T02:54:00.000Z
" 0.818",2018-03-06T02:54:04.000Z
" 0.583",2018-03-06T02:54:07.000Z
" 0.692",2018-03-06T02:54:15.000Z
" 0.615",2018-03-06T02:54:18.000Z
" 0.538",2018-03-06T02:54:22.000Z
" 0.538",2018-03-06T02:54:26.000Z
" 0.667",2018-03-06T02:54:29.000Z
" 0.750",2018-03-06T02:54:33.000Z
" 0.750",2018-03-06T02:54:40.000Z
" 0.571",2018-03-06T02:54:47.000Z
" 0.692",2018-03-06T02:54:55.000Z
" 0.692",2018-03-06T02:54:58.000Z
" 0.692",2018-03-06T02:55:02.000Z
" 0.643",2018-03-06T02:55:06.000Z
" 0.692",2018-03-06T02:55:17.000Z
" 0.750",2018-03-06T02:55:20.000Z
" 0.692",2018-03-06T02:55:24.000Z
" 0.692",2018-03-06T02:55:28.000Z
" 0.750",2018-03-06T02:55:31.000Z
" 0.538",2018-03-06T02:55:35.000Z
" 0.692",2018-03-06T02:55:39.000Z
" 0.692",2018-03-06T02:55:42.000Z
" 0.692",2018-03-06T02:55:46.000Z
" 1.000",2018-03-06T02:55:50.000Z
" 0.844",2018-03-06T02:55:53.000Z
" 0.583",2018-03-06T02:55:57.000Z
" 0.837",2018-03-06T02:56:01.000Z
" 0.040",2018-03-06T02:56:04.000Z
" 0.067",2018-03-06T02:56:08.000Z
" 1.000",2018-03-06T02:56:12.000Z
" 0.036",2018-03-06T02:56:15.000Z
" 0.808",2018-03-06T02:56:19.000Z
" 0.022",2018-03-06T02:56:23.000Z
" 0.827",2018-03-06T02:56:26.000Z
" 0.819",2018-03-06T02:56:30.000Z
" 0.830",2018-03-06T02:56:34.000Z
" 0.843",2018-03-06T02:56:37.000Z
" 0.834",2018-03-06T02:56:41.000Z
" 0.826",2018-03-06T02:56:45.000Z
" 0.834",2018-03-06T02:56:48.000Z
" 0.838",2018-03-06T02:56:52.000Z
" 0.837",2018-03-06T02:56:56.000Z
" 0.824",2018-03-06T02:56:59.000Z
" 0.836",2018-03-06T02:57:03.000Z
" 0.828",2018-03-06T02:57:07.000Z
" 0.822",2018-03-06T02:57:10.000Z
" 0.834",2018-03-06T02:57:14.000Z
" 0.832",2018-03-06T02:57:18.000Z
" 0.830",2018-03-06T02:57:21.000Z
" 0.848",2018-03-06T02:57:29.000Z
" 0.779",2018-03-06T02:57:32.000Z
" 0.816",2018-03-06T02:57:36.000Z
" 0.764",2018-03-06T02:57:40.000Z
" 0.786",2018-03-06T02:57:43.000Z
" 0.879",2018-03-06T02:57:47.000Z
" 0.667",2018-03-06T02:57:51.000Z
" 0.667",2018-03-06T02:57:54.000Z
" 0.667",2018-03-06T02:57:58.000Z
" 1.000",2018-03-06T02:58:02.000Z
" 1.000",2018-03-06T02:58:09.000Z
" 1.000",2018-03-06T02:58:13.000Z
" 1.000",2018-03-06T02:58:16.000Z
" 1.000",2018-03-06T02:58:20.000Z
" 1.000",2018-03-06T02:58:24.000Z
" 1.000",2018-03-06T02:58:27.000Z
" 0.667",2018-03-06T02:58:38.000Z
" 1.000",2018-03-06T02:58:42.000Z
" 0.667",2018-03-06T02:58:45.000Z
" 0.750",2018-03-06T02:58:49.000Z
" 0.667",2018-03-06T02:58:53.000Z
" 0.750",2018-03-06T02:58:56.000Z
" 1.000",2018-03-06T02:59:00.000Z
" 1.000",2018-03-06T02:59:04.000Z
" 0.800",2018-03-06T02:59:07.000Z
" 0.667",2018-03-06T02:59:11.000Z
" 0.667",2018-03-06T02:59:15.000Z
" 0.667",2018-03-06T02:59:22.000Z
" 0.750",2018-03-06T02:59:26.000Z
" 0.750",2018-03-06T02:59:29.000Z
" 0.667",2018-03-06T02:59:33.000Z
" 0.750",2018-03-06T02:59:37.000Z
" 1.000",2018-03-06T02:59:44.000Z
" 0.750",2018-03-06T02:59:51.000Z
" 0.800",2018-03-06T02:59:55.000Z
" 1.000",2018-03-06T02:59:59.000Z
" 0.800",2018-03-06T03:00:02.000Z
" 0.750",2018-03-06T03:00:06.000Z
" 1.000",2018-03-06T03:00:10.000Z
" 1.000",2018-03-06T03:00:13.000Z
" 1.000",2018-03-06T03:00:17.000Z
" 0.333",2018-03-06T03:00:21.000Z
" 0.600",2018-03-06T03:00:24.000Z
" 0.750",2018-03-06T03:00:28.000Z
" 0.800",2018-03-06T03:00:32.000Z
" 1.000",2018-03-06T03:00:35.000Z
" 0.667",2018-03-06T03:00:39.000Z
" 0.750",2018-03-06T03:00:43.000Z
" 0.667",2018-03-06T03:00:50.000Z
" 1.000",2018-03-06T03:00:54.000Z
" 0.667",2018-03-06T03:00:57.000Z
" 0.600",2018-03-06T03:01:01.000Z
" 1.000",2018-03-06T03:01:05.000Z
" 1.000",2018-03-06T03:01:12.000Z
" 0.800",2018-03-06T03:01:16.000Z
" 0.600",2018-03-06T03:01:23.000Z
" 1.000",2018-03-06T03:01:27.000Z
" 0.667",2018-03-06T03:01:30.000Z
" 1.000",2018-03-06T03:01:38.000Z
" 0.667",2018-03-06T03:01:41.000Z
" 0.750",2018-03-06T03:01:45.000Z
" 0.600",2018-03-06T03:01:52.000Z
" 1.000",2018-03-06T03:01:56.000Z
" 0.800",2018-03-06T03:01:59.000Z
" 1.000",2018-03-06T03:02:03.000Z
" 0.667",2018-03-06T03:02:07.000Z
" 1.000",2018-03-06T03:02:10.000Z
" 0.800",2018-03-06T03:02:14.000Z
" 1.000",2018-03-06T03:02:18.000Z
" 0.750",2018-03-06T03:02:21.000Z
" 0.600",2018-03-06T03:02:25.000Z
" 1.000",2018-03-06T03:02:29.000Z
" 0.750",2018-03-06T03:02:32.000Z
" 1.000",2018-03-06T03:02:36.000Z
" 0.750",2018-03-06T03:02:40.000Z
" 1.000",2018-03-06T03:02:47.000Z
" 0.667",2018-03-06T03:02:51.000Z
" 0.750",2018-03-06T03:02:54.000Z
" 0.750",2018-03-06T03:02:58.000Z
" 0.800",2018-03-06T03:03:02.000Z
" 1.000",2018-03-06T03:03:09.000Z
" 1.000",2018-03-06T03:03:13.000Z
" 0.750",2018-03-06T03:03:16.000Z
" 1.000",2018-03-06T03:03:20.000Z
" 0.750",2018-03-06T03:03:27.000Z
" 0.600",2018-03-06T03:03:31.000Z
" 0.750",2018-03-06T03:03:35.000Z
" 0.750",2018-03-06T03:03:38.000Z
" 1.000",2018-03-06T03:03:42.000Z
" 0.667",2018-03-06T03:03:49.000Z
" 1.000",2018-03-06T03:03:53.000Z
" 0.667",2018-03-06T03:04:00.000Z
" 0.667",2018-03-06T03:04:04.000Z
" 1.000",2018-03-06T03:04:08.000Z
" 0.750",2018-03-06T03:04:15.000Z
" 1.000",2018-03-06T03:04:19.000Z
" 1.000",2018-03-06T03:04:22.000Z
" 0.750",2018-03-06T03:04:26.000Z
" 1.000",2018-03-06T03:04:30.000Z
" 0.667",2018-03-06T03:04:33.000Z
" 1.000",2018-03-06T03:04:37.000Z
" 0.667",2018-03-06T03:04:41.000Z
" 0.667",2018-03-06T03:04:48.000Z
" 0.800",2018-03-06T03:04:59.000Z
" 0.667",2018-03-06T03:05:03.000Z
" 0.667",2018-03-06T03:05:06.000Z
" 0.800",2018-03-06T03:05:10.000Z
" 0.667",2018-03-06T03:05:14.000Z
" 1.000",2018-03-06T03:05:17.000Z
" 0.800",2018-03-06T03:05:21.000Z
" 1.000",2018-03-06T03:05:25.000Z
" 0.667",2018-03-06T03:05:28.000Z
" 0.800",2018-03-06T03:05:32.000Z
" 0.667",2018-03-06T03:05:36.000Z
" 0.667",2018-03-06T03:05:43.000Z
" 0.800",2018-03-06T03:05:47.000Z
" 0.667",2018-03-06T03:05:54.000Z
" 0.667",2018-03-06T03:05:57.000Z
" 0.667",2018-03-06T03:06:01.000Z
" 0.667",2018-03-06T03:06:05.000Z
" 0.667",2018-03-06T03:06:08.000Z
" 1.000",2018-03-06T03:06:16.000Z
" 0.800",2018-03-06T03:06:19.000Z
" 1.000",2018-03-06T03:06:27.000Z
" 0.500",2018-03-06T03:06:30.000Z
" 0.239",2018-03-06T03:06:34.000Z
" 1.000",2018-03-06T03:06:38.000Z
" 0.078",2018-03-06T03:06:41.000Z
" 0.007",2018-03-06T03:06:49.000Z
" 0.609",2018-03-06T03:06:52.000Z
" 0.427",2018-03-06T03:06:56.000Z
" 1.000",2018-03-06T03:07:00.000Z
" 0.055",2018-03-06T03:07:11.000Z
" 0.596",2018-03-06T03:07:14.000Z
" 0.270",2018-03-06T03:07:18.000Z
" 1.000",2018-03-06T03:07:22.000Z
" 0.633",2018-03-06T03:07:29.000Z
" 0.057",2018-03-06T03:07:33.000Z
" 0.571",2018-03-06T03:07:36.000Z
" 0.170",2018-03-06T03:07:40.000Z
" 1.000",2018-03-06T03:07:44.000Z
" 0.544",2018-03-06T03:07:47.000Z
" 0.591",2018-03-06T03:07:51.000Z
" 0.075",2018-03-06T03:07:55.000Z
" 0.028",2018-03-06T03:08:02.000Z
" 1.000",2018-03-06T03:08:06.000Z
" 0.262",2018-03-06T03:08:09.000Z
" 0.640",2018-03-06T03:08:13.000Z
" 0.120",2018-03-06T03:08:17.000Z
" 0.516",2018-03-06T03:08:20.000Z
" 1.000",2018-03-06T03:08:28.000Z
" 0.081",2018-03-06T03:08:39.000Z
" 0.583",2018-03-06T03:08:42.000Z
" 0.152",2018-03-06T03:08:46.000Z
" 1.000",2018-03-06T03:08:50.000Z
" 0.582",2018-03-06T03:09:01.000Z
" 0.461",2018-03-06T03:09:04.000Z
" 0.196",2018-03-06T03:09:08.000Z
" 0.111",2018-03-06T03:09:12.000Z
" 0.138",2018-03-06T03:09:15.000Z
" 0.595",2018-03-06T03:09:19.000Z
" 0.300",2018-03-06T03:09:23.000Z
" 0.585",2018-03-06T03:09:26.000Z
" 0.992",2018-03-06T03:09:30.000Z
" 0.667",2018-03-06T03:09:37.000Z
" 0.692",2018-03-06T03:09:41.000Z
" 0.727",2018-03-06T03:09:45.000Z
" 0.692",2018-03-06T03:09:48.000Z
" 0.833",2018-03-06T03:09:52.000Z
" 0.692",2018-03-06T03:09:56.000Z
" 0.615",2018-03-06T03:09:59.000Z
" 0.667",2018-03-06T03:10:07.000Z
" 0.750",2018-03-06T03:10:14.000Z
" 0.692",2018-03-06T03:10:18.000Z
" 0.692",2018-03-06T03:10:21.000Z
" 0.769",2018-03-06T03:10:25.000Z
" 0.615",2018-03-06T03:10:29.000Z
" 0.643",2018-03-06T03:10:32.000Z
" 0.643",2018-03-06T03:10:36.000Z
" 0.667",2018-03-06T03:10:47.000Z
" 0.643",2018-03-06T03:10:51.000Z
" 0.769",2018-03-06T03:10:58.000Z
" 0.615",2018-03-06T03:11:05.000Z
" 0.692",2018-03-06T03:11:09.000Z
" 0.667",2018-03-06T03:11:16.000Z
" 0.615",2018-03-06T03:11:20.000Z
" 0.769",2018-03-06T03:11:23.000Z
" 0.615",2018-03-06T03:11:27.000Z
" 0.769",2018-03-06T03:11:31.000Z
" 0.667",2018-03-06T03:11:38.000Z
" 0.571",2018-03-06T03:11:42.000Z
" 0.643",2018-03-06T03:11:45.000Z
" 0.769",2018-03-06T03:11:49.000Z
" 0.615",2018-03-06T03:11:53.000Z
" 0.615",2018-03-06T03:11:56.000Z
" 0.692",2018-03-06T03:12:00.000Z
" 0.571",2018-03-06T03:12:04.000Z
" 0.714",2018-03-06T03:12:11.000Z
" 0.615",2018-03-06T03:12:15.000Z
" 0.571",2018-03-06T03:12:18.000Z
" 0.615",2018-03-06T03:12:22.000Z
" 0.615",2018-03-06T03:12:29.000Z
" 0.714",2018-03-06T03:12:37.000Z
" 0.769",2018-03-06T03:12:40.000Z
" 0.667",2018-03-06T03:12:48.000Z
" 0.667",2018-03-06T03:12:51.000Z
" 0.615",2018-03-06T03:12:55.000Z
" 0.769",2018-03-06T03:12:59.000Z
" 0.769",2018-03-06T03:13:02.000Z
" 0.615",2018-03-06T03:13:06.000Z
" 0.692",2018-03-06T03:13:13.000Z
" 0.643",2018-03-06T03:13:24.000Z
" 0.571",2018-03-06T03:13:28.000Z
" 0.643",2018-03-06T03:13:32.000Z
" 0.714",2018-03-06T03:13:35.000Z
" 0.769",2018-03-06T03:13:39.000Z
" 0.769",2018-03-06T03:13:46.000Z
" 0.769",2018-03-06T03:13:50.000Z
" 0.571",2018-03-06T03:13:54.000Z
" 0.667",2018-03-06T03:13:57.000Z
" 0.750",2018-03-06T03:14:01.000Z
" 0.833",2018-03-06T03:14:05.000Z
" 0.750",2018-03-06T03:14:08.000Z
" 0.643",2018-03-06T03:14:12.000Z
" 0.615",2018-03-06T03:14:16.000Z
" 0.692",2018-03-06T03:14:23.000Z
" 0.643",2018-03-06T03:14:27.000Z
" 0.643",2018-03-06T03:14:30.000Z
" 0.615",2018-03-06T03:14:34.000Z
" 0.571",2018-03-06T03:14:37.000Z
" 0.615",2018-03-06T03:14:41.000Z
" 0.643",2018-03-06T03:14:48.000Z
" 0.750",2018-03-06T03:14:52.000Z
" 0.692",2018-03-06T03:14:56.000Z
" 0.571",2018-03-06T03:14:59.000Z
" 0.667",2018-03-06T03:15:03.000Z
" 0.643",2018-03-06T03:15:07.000Z
" 0.571",2018-03-06T03:15:14.000Z
" 0.692",2018-03-06T03:15:18.000Z
" 0.500",2018-03-06T03:15:21.000Z
" 0.692",2018-03-06T03:15:25.000Z
" 0.692",2018-03-06T03:15:29.000Z
" 0.692",2018-03-06T03:15:32.000Z
" 0.643",2018-03-06T03:15:36.000Z
" 0.571",2018-03-06T03:15:43.000Z
" 0.571",2018-03-06T03:15:47.000Z
" 0.615",2018-03-06T03:15:51.000Z
" 0.643",2018-03-06T03:15:58.000Z
" 0.692",2018-03-06T03:16:02.000Z
" 0.615",2018-03-06T03:16:05.000Z
" 0.692",2018-03-06T03:16:09.000Z
" 0.692",2018-03-06T03:16:13.000Z
" 0.643",2018-03-06T03:16:16.000Z
" 0.692",2018-03-06T03:16:20.000Z
" 0.829",2018-03-06T03:16:38.000Z
" 0.692",2018-03-06T03:16:42.000Z
" 0.328",2018-03-06T03:16:46.000Z
" 0.032",2018-03-06T03:16:49.000Z
" 0.829",2018-03-06T03:17:08.000Z
" 0.834",2018-03-06T03:17:11.000Z
" 0.832",2018-03-06T03:17:19.000Z
" 0.838",2018-03-06T03:17:22.000Z
" 0.811",2018-03-06T03:17:26.000Z
" 0.849",2018-03-06T03:17:30.000Z
" 0.833",2018-03-06T03:17:33.000Z
" 0.832",2018-03-06T03:17:37.000Z
" 0.832",2018-03-06T03:17:41.000Z
" 0.845",2018-03-06T03:17:44.000Z
" 0.814",2018-03-06T03:17:48.000Z
" 0.858",2018-03-06T03:17:52.000Z
" 0.872",2018-03-06T03:17:59.000Z
" 0.830",2018-03-06T03:18:03.000Z
" 0.827",2018-03-06T03:18:06.000Z
" 0.826",2018-03-06T03:18:10.000Z
" 0.828",2018-03-06T03:18:13.000Z
" 0.795",2018-03-06T03:18:17.000Z
" 0.808",2018-03-06T03:18:24.000Z
" 0.753",2018-03-06T03:18:28.000Z
" 0.849",2018-03-06T03:18:32.000Z
" 0.856",2018-03-06T03:18:35.000Z
" 0.851",2018-03-06T03:18:39.000Z
" 0.847",2018-03-06T03:18:43.000Z
" 0.871",2018-03-06T03:18:50.000Z
" 0.867",2018-03-06T03:18:57.000Z
" 0.878",2018-03-06T03:19:01.000Z
" 0.901",2018-03-06T03:19:08.000Z
" 0.914",2018-03-06T03:19:16.000Z
" 0.900",2018-03-06T03:19:19.000Z
" 0.888",2018-03-06T03:19:23.000Z
" 0.899",2018-03-06T03:19:27.000Z
" 0.913",2018-03-06T03:19:30.000Z
" 0.900",2018-03-06T03:19:34.000Z
" 0.926",2018-03-06T03:19:38.000Z
" 0.914",2018-03-06T03:19:41.000Z
" 0.914",2018-03-06T03:19:45.000Z
" 0.900",2018-03-06T03:19:52.000Z
" 0.927",2018-03-06T03:20:00.000Z
" 0.914",2018-03-06T03:20:03.000Z
" 0.914",2018-03-06T03:20:07.000Z
" 0.913",2018-03-06T03:20:14.000Z
" 0.913",2018-03-06T03:20:18.000Z
" 0.913",2018-03-06T03:20:22.000Z
" 0.924",2018-03-06T03:20:25.000Z
" 0.924",2018-03-06T03:20:33.000Z
" 0.899",2018-03-06T03:20:36.000Z
" 0.900",2018-03-06T03:20:44.000Z
" 0.925",2018-03-06T03:20:47.000Z
" 0.924",2018-03-06T03:20:51.000Z
" 0.925",2018-03-06T03:21:02.000Z
" 0.899",2018-03-06T03:21:06.000Z
" 0.913",2018-03-06T03:21:09.000Z
" 0.913",2018-03-06T03:21:13.000Z
" 0.925",2018-03-06T03:21:20.000Z
" 0.911",2018-03-06T03:21:31.000Z
" 0.926",2018-03-06T03:21:35.000Z
" 0.886",2018-03-06T03:21:38.000Z
" 0.913",2018-03-06T03:21:42.000Z
" 0.827",2018-03-06T03:21:53.000Z
" 1.000",2018-03-06T03:21:57.000Z
" 1.000",2018-03-06T03:22:00.000Z
" 0.667",2018-03-06T03:22:04.000Z
" 0.500",2018-03-06T03:22:08.000Z
" 0.667",2018-03-06T03:22:11.000Z
" 1.000",2018-03-06T03:22:19.000Z
" 0.667",2018-03-06T03:22:22.000Z
" 0.500",2018-03-06T03:22:26.000Z
" 0.500",2018-03-06T03:22:30.000Z
" 1.000",2018-03-06T03:22:33.000Z
" 0.667",2018-03-06T03:22:37.000Z
" 0.500",2018-03-06T03:22:41.000Z
" 1.000",2018-03-06T03:22:44.000Z
" 0.667",2018-03-06T03:22:48.000Z
" 1.000",2018-03-06T03:22:55.000Z
" 0.500",2018-03-06T03:22:59.000Z
" 1.000",2018-03-06T03:23:03.000Z
" 1.000",2018-03-06T03:23:06.000Z
" 0.667",2018-03-06T03:23:10.000Z
" 1.000",2018-03-06T03:23:14.000Z
" 0.667",2018-03-06T03:23:17.000Z
" 1.000",2018-03-06T03:23:21.000Z
" 1.000",2018-03-06T03:23:25.000Z
" 1.000",2018-03-06T03:23:28.000Z
" 1.000",2018-03-06T03:23:36.000Z
" 0.667",2018-03-06T03:23:39.000Z
" 1.000",2018-03-06T03:23:58.000Z
" 1.000",2018-03-06T03:24:01.000Z
" 1.000",2018-03-06T03:24:05.000Z
" 1.000",2018-03-06T03:24:12.000Z
" 1.000",2018-03-06T03:24:16.000Z
" 1.000",2018-03-06T03:24:23.000Z
" 1.000",2018-03-06T03:24:27.000Z
" 0.333",2018-03-06T03:24:31.000Z
" 0.500",2018-03-06T03:24:34.000Z
" 0.500",2018-03-06T03:24:42.000Z
" 1.000",2018-03-06T03:24:45.000Z
" 1.000",2018-03-06T03:24:53.000Z
" 0.667",2018-03-06T03:24:56.000Z
" 0.667",2018-03-06T03:25:00.000Z
" 1.000",2018-03-06T03:25:07.000Z
" 0.500",2018-03-06T03:25:15.000Z
" 0.333",2018-03-06T03:25:29.000Z
" 0.500",2018-03-06T03:25:33.000Z
" 1.000",2018-03-06T03:25:36.000Z
" 0.667",2018-03-06T03:25:40.000Z
" 0.667",2018-03-06T03:25:44.000Z
" 1.000",2018-03-06T03:25:47.000Z
" 1.000",2018-03-06T03:25:51.000Z
" 0.333",2018-03-06T03:25:55.000Z
" 0.500",2018-03-06T03:25:58.000Z
" 1.000",2018-03-06T03:26:02.000Z
" 1.000",2018-03-06T03:26:13.000Z
" 1.000",2018-03-06T03:26:20.000Z
" 1.000",2018-03-06T03:26:24.000Z
" 1.000",2018-03-06T03:26:28.000Z
" 0.500",2018-03-06T03:26:31.000Z
" 1.000",2018-03-06T03:26:35.000Z
" 0.333",2018-03-06T03:26:39.000Z
" 1.000",2018-03-06T03:26:46.000Z
" 0.333",2018-03-06T03:26:50.000Z
" 1.000",2018-03-06T03:26:57.000Z
" 1.000",2018-03-06T03:27:01.000Z
" 1.000",2018-03-06T03:27:12.000Z
" 1.000",2018-03-06T03:27:15.000Z
" 0.333",2018-03-06T03:27:19.000Z
" 1.000",2018-03-06T03:27:26.000Z
" 0.500",2018-03-06T03:27:30.000Z
" 0.500",2018-03-06T03:27:34.000Z
" 1.000",2018-03-06T03:27:41.000Z
" 1.000",2018-03-06T03:27:45.000Z
" 1.000",2018-03-06T03:27:49.000Z
" 0.333",2018-03-06T03:27:56.000Z
" 0.500",2018-03-06T03:28:00.000Z
" 1.000",2018-03-06T03:28:03.000Z
" 1.000",2018-03-06T03:28:07.000Z
" 0.333",2018-03-06T03:28:11.000Z
" 1.000",2018-03-06T03:28:22.000Z
" 1.000",2018-03-06T03:28:25.000Z
" 1.000",2018-03-06T03:28:29.000Z
" 1.000",2018-03-06T03:28:33.000Z
" 1.000",2018-03-06T03:28:36.000Z
" 1.000",2018-03-06T03:28:40.000Z
" 1.000",2018-03-06T03:28:44.000Z
" 1.000",2018-03-06T03:28:47.000Z
" 0.500",2018-03-06T03:38:21.000Z
" 0.500",2018-03-06T03:38:25.000Z
" 0.143",2018-03-06T03:38:32.000Z
" 1.000",2018-03-06T03:38:36.000Z
" 0.500",2018-03-06T03:38:40.000Z
" 0.500",2018-03-06T03:38:47.000Z
" 0.500",2018-03-06T03:38:51.000Z
" 1.000",2018-03-06T03:38:54.000Z
" 1.000",2018-03-06T03:39:02.000Z
" 0.384",2018-03-06T03:39:05.000Z
" 0.820",2018-03-06T03:39:09.000Z
" 0.821",2018-03-06T03:39:13.000Z
" 0.819",2018-03-06T03:39:16.000Z
" 0.823",2018-03-06T03:39:20.000Z
" 0.821",2018-03-06T03:39:24.000Z
" 0.823",2018-03-06T03:39:27.000Z
" 0.821",2018-03-06T03:39:31.000Z
" 0.820",2018-03-06T03:39:35.000Z
" 0.818",2018-03-06T03:39:38.000Z
" 0.826",2018-03-06T03:39:42.000Z
" 0.825",2018-03-06T03:39:45.000Z
" 0.825",2018-03-06T03:39:49.000Z
" 0.826",2018-03-06T03:39:53.000Z
" 0.826",2018-03-06T03:39:56.000Z
" 0.829",2018-03-06T03:40:00.000Z
" 0.823",2018-03-06T03:40:04.000Z
" 0.809",2018-03-06T03:40:07.000Z
" 0.833",2018-03-06T03:40:11.000Z
" 0.823",2018-03-06T03:40:15.000Z
" 0.821",2018-03-06T03:40:18.000Z
" 0.826",2018-03-06T03:40:22.000Z
" 0.826",2018-03-06T03:40:26.000Z
" 0.824",2018-03-06T03:40:29.000Z
" 0.820",2018-03-06T03:40:33.000Z
" 0.826",2018-03-06T03:40:37.000Z
" 0.823",2018-03-06T03:40:40.000Z
" 0.826",2018-03-06T03:40:44.000Z
" 0.831",2018-03-06T03:40:48.000Z
" 0.826",2018-03-06T03:40:51.000Z
" 0.821",2018-03-06T03:41:02.000Z
" 0.816",2018-03-06T03:41:06.000Z
" 0.819",2018-03-06T03:41:13.000Z
" 0.820",2018-03-06T03:41:24.000Z
" 0.813",2018-03-06T03:41:39.000Z
" 0.823",2018-03-06T03:42:01.000Z
" 0.831",2018-03-06T03:42:05.000Z
" 0.831",2018-03-06T03:42:16.000Z
" 0.818",2018-03-06T03:42:19.000Z
" 0.833",2018-03-06T03:42:23.000Z
" 0.807",2018-03-06T03:42:27.000Z
" 0.841",2018-03-06T03:42:30.000Z
" 0.820",2018-03-06T03:42:34.000Z
" 0.823",2018-03-06T03:42:38.000Z
" 0.820",2018-03-06T03:42:41.000Z
" 0.831",2018-03-06T03:42:45.000Z
" 0.810",2018-03-06T03:42:49.000Z
" 0.820",2018-03-06T03:42:52.000Z
" 0.835",2018-03-06T03:42:56.000Z
" 0.814",2018-03-06T03:43:00.000Z
" 0.822",2018-03-06T03:43:03.000Z
" 0.838",2018-03-06T03:43:07.000Z
" 0.816",2018-03-06T03:43:11.000Z
" 0.837",2018-03-06T03:43:14.000Z
" 0.802",2018-03-06T03:43:22.000Z
" 0.834",2018-03-06T03:43:25.000Z
" 0.834",2018-03-06T03:43:29.000Z
" 0.833",2018-03-06T03:43:33.000Z
" 0.816",2018-03-06T03:43:36.000Z
" 0.827",2018-03-06T03:43:40.000Z
" 0.826",2018-03-06T03:43:44.000Z
" 0.813",2018-03-06T03:43:47.000Z
" 0.835",2018-03-06T03:43:51.000Z
" 0.835",2018-03-06T03:43:55.000Z
" 0.809",2018-03-06T03:43:58.000Z
" 0.822",2018-03-06T03:44:02.000Z
" 0.822",2018-03-06T03:44:06.000Z
" 0.824",2018-03-06T03:44:09.000Z
" 0.829",2018-03-06T03:44:13.000Z
" 0.818",2018-03-06T03:44:20.000Z
" 0.818",2018-03-06T03:44:24.000Z
" 0.823",2018-03-06T03:44:28.000Z
" 0.820",2018-03-06T03:44:31.000Z
" 0.821",2018-03-06T03:44:35.000Z
" 0.816",2018-03-06T03:44:39.000Z
" 0.829",2018-03-06T03:44:42.000Z
" 0.827",2018-03-06T03:44:46.000Z
" 0.829",2018-03-06T03:44:50.000Z
" 0.821",2018-03-06T03:44:53.000Z
" 0.820",2018-03-06T03:44:57.000Z
" 0.822",2018-03-06T03:45:00.000Z
" 0.824",2018-03-06T03:45:04.000Z
" 0.827",2018-03-06T03:45:08.000Z
" 0.829",2018-03-06T03:45:11.000Z
" 0.824",2018-03-06T03:45:19.000Z
" 0.816",2018-03-06T03:45:22.000Z
" 0.821",2018-03-06T03:45:26.000Z
" 0.831",2018-03-06T03:45:30.000Z
" 0.818",2018-03-06T03:45:33.000Z
" 0.829",2018-03-06T03:45:37.000Z
" 0.833",2018-03-06T03:45:44.000Z
" 0.826",2018-03-06T03:45:48.000Z
" 0.828",2018-03-06T03:45:52.000Z
" 0.821",2018-03-06T03:45:55.000Z
" 0.829",2018-03-06T03:46:03.000Z
" 0.824",2018-03-06T03:46:06.000Z
" 0.821",2018-03-06T03:46:10.000Z
" 0.814",2018-03-06T03:46:14.000Z
" 0.821",2018-03-06T03:46:17.000Z
" 0.826",2018-03-06T03:46:21.000Z
" 0.818",2018-03-06T03:46:25.000Z
" 0.818",2018-03-06T03:46:28.000Z
" 0.826",2018-03-06T03:46:32.000Z
" 0.835",2018-03-06T03:46:39.000Z
" 0.834",2018-03-06T03:46:43.000Z
" 0.794",2018-03-06T03:46:47.000Z
" 0.826",2018-03-06T03:46:50.000Z
" 0.841",2018-03-06T03:46:54.000Z
" 0.820",2018-03-06T03:46:58.000Z
" 0.809",2018-03-06T03:47:01.000Z
" 0.843",2018-03-06T03:47:05.000Z
" 0.830",2018-03-06T03:47:16.000Z
" 0.807",2018-03-06T03:47:27.000Z
" 0.159",2018-03-06T03:47:31.000Z
" 1.000",2018-03-06T03:47:34.000Z
" 1.000",2018-03-06T03:47:38.000Z
" 1.000",2018-03-06T03:47:42.000Z
" 0.500",2018-03-06T03:47:49.000Z
" 1.000",2018-03-06T03:47:53.000Z
" 1.000",2018-03-06T03:47:56.000Z
" 0.500",2018-03-06T03:48:00.000Z
" 0.500",2018-03-06T03:48:04.000Z
" 0.500",2018-03-06T03:48:07.000Z
" 1.000",2018-03-06T03:48:11.000Z
